Primary,Backup Started,0
Primary,Backup Unresponsive,0
Primary,Backup Started,0
Primary,Backup Unresponsive,0
Primary,Backup Started,0
Primary,Backup Started,0
Primary,Backup Unresponsive,0
Primary,Backup Started,0
Primary,Backup Unresponsive,0
Primary,Backup Started,0
Primary,Backup Unresponsive,0
Primary,Backup Started,0
Primary,Backup Started,0
Primary,Backup Unresponsive,0
Primary,Backup Started,0
Primary,Backup Started,0
Primary,Backup Unresponsive,0
Primary,Backup Started,0
Primary,Backup Started,0
Primary,Backup Unresponsive,0
Primary,Backup Started,0
Primary,Backup Unresponsive,0
Primary,Backup Started,0
Primary,Backup Started,0
Primary,Counting,1
Backup,Received,1
Primary,Counting,2
Backup,Received,2
Primary,Counting,3
Backup,Received,3
Primary,Counting,4
Backup,Received,4
Primary,Counting,5
Backup,Received,5
Primary,Counting,6
Backup,Received,6
Primary,Counting,7
Backup,Received,7
Primary,Counting,8
Backup,Received,8
Primary,Backup Unresponsive,0
Primary,Backup Started,0
PrimaryBackup,Counting,,Received9,
9
Primary,Counting,10
Backup,Received,10
Primary,Backup Unresponsive,0
Primary,Backup Started,0
Primary,BackupCounting,,Received11,
11
Primary,CountingBackup,,12Received
,12
PrimaryBackup,,CountingReceived,,13
13
Primary,Counting,14
Backup,Received,14
Primary,Counting,Backup15,
Received,15
PrimaryBackup,,CountingReceived,,1616

Primary,Backup Started,0
PrimaryBackup,Counting,,Received1,
1
Primary,Counting,2
Backup,Received,2
Primary,Counting,3
Backup,Received,3
Primary,Counting,4
Backup,Received,4
Primary,Counting,5
Backup,Received,5
Primary,Counting,6
Backup,Received,6
Primary,Counting,7
Backup,Received,7
Primary,Counting,8
Backup,Received,8
Primary,Counting,9
Backup,Received,9
Primary,Counting,10
Backup,Received,10
Primary,Counting,11
Backup,Received,11
Primary,Counting,12
Backup,Received,12
Primary,Counting,13
Backup,Received,13
Primary,Counting,14
Backup,Received,14
Primary,Counting,15
Backup,Received,15
Primary,Counting,16
Backup,Received,16
Primary,Counting,17
Backup,Received,17
Primary,Counting,18
Backup,Received,18
Primary,Counting,19
Backup,Received,19
Primary,Counting,20
Backup,Received,20
Primary,Counting,21
Backup,Received,21
Primary,Counting,22
Backup,Received,22
Primary,Counting,23
Backup,Received,23
Primary,Counting,24
Backup,Received,24
Primary,Counting,25
Backup,Received,25
Primary,Counting,26
Backup,Received,26
Primary,Counting,27
Backup,Received,27
Primary,Counting,28
Backup,Received,28
Primary,Counting,29
Backup,Received,29
Primary,Counting,30
Backup,Received,30
Primary,Counting,31
Backup,Received,31
Primary,Counting,32
Backup,Received,32
Primary,Counting,33
Backup,Received,33
Primary,Counting,34
Backup,Received,34
Primary,Counting,35
Backup,Received,35
Primary,Counting,36
Backup,Received,36
Primary,Counting,37
Backup,Received,37
Primary,Counting,38
Backup,Received,38
Primary,Counting,39
Backup,Received,39
Primary,Counting,40
Backup,Received,40
Primary,Counting,41
Backup,Received,41
Primary,Counting,42
Backup,Received,42
Primary,Counting,43
Backup,Received,43
Primary,Counting,44
Backup,Received,44
Primary,Counting,45
Backup,Received,45
Primary,Counting,46
Backup,Received,46
Primary,Counting,47
Backup,Received,47
Primary,Counting,48
Backup,Received,48
Primary,Counting,49
Backup,Received,49
Primary,Counting,50
Backup,Received,50
Primary,Counting,51
Backup,Received,51
Primary,Counting,52
Backup,Received,52
Primary,Counting,53
Backup,Received,53
Primary,Counting,54
Backup,Received,54
Primary,Counting,55
Backup,Received,55
Primary,Counting,56
Backup,Received,56
Primary,Counting,57
Backup,Received,57
Primary,Counting,58
Backup,Received,58
Primary,Counting,59
Backup,Received,59
Primary,Counting,60
Backup,Received,60
Primary,Counting,61
Backup,Received,61
Primary,Counting,62
Backup,Received,62
Primary,Counting,63
Backup,Received,63
Primary,Counting,64
Backup,Received,64
Primary,Counting,65
Backup,Received,65
Primary,Counting,66
Backup,Received,66
Primary,Counting,67
Backup,Received,67
Primary,Counting,68
Backup,Received,68
Primary,Counting,69
Backup,Received,69
Primary,Counting,70
Backup,Received,70
Primary,Counting,71
Backup,Received,71
Primary,Counting,72
Backup,Received,72
Primary,Counting,73
Backup,Received,73
Primary,Counting,74
Backup,Received,74
Primary,Counting,75
Backup,Received,75
Primary,Counting,76
Backup,Received,76
Primary,Counting,77
Backup,Received,77
Primary,Counting,78
Backup,Received,78
Primary,Counting,79
Backup,Received,79
Primary,Counting,80
Backup,Received,80
Primary,Counting,81
Backup,Received,81
Primary,Counting,82
Backup,Received,82
Primary,Counting,83
Backup,Received,83
Primary,Counting,84
Backup,Received,84
Primary,Counting,85
Backup,Received,85
Primary,Counting,86
Backup,Received,86
Primary,Counting,87
Backup,Received,87
Primary,Counting,88
Backup,Received,88
Primary,Counting,89
Backup,Received,89
Primary,Counting,90
Backup,Received,90
Primary,Counting,91
Backup,Received,91
Primary,Counting,92
Backup,Received,92
Primary,Counting,93
Backup,Received,93
Primary,Counting,94
Backup,Received,94
Primary,Counting,95
Backup,Received,95
Primary,Counting,96
Backup,Received,96
Primary,Counting,97
Backup,Received,97
Primary,Counting,98
Backup,Received,98
Primary,Counting,99
Backup,Received,99
Primary,Counting,100
Backup,Received,100
Primary,Counting,101
Backup,Received,101
Primary,Counting,102
Backup,Received,102
Primary,Counting,103
Backup,Received,103
Primary,Counting,104
Backup,Received,104
Primary,Counting,105
Backup,Received,105
Primary,Counting,106
Backup,Received,106
Primary,Counting,Backup107
,Received,107
Primary,Counting,108
Backup,Received,108
Primary,Counting,109
Backup,Received,109
Primary,Counting,110
Backup,Received,110
Primary,Counting,111
Backup,Received,111
Primary,Counting,112
Backup,Received,112
Primary,Counting,113
Backup,Received,113
Primary,Counting,114
Backup,Received,114
Primary,Counting,115
Backup,Received,115
Primary,Counting,116
Backup,Received,116
Primary,Counting,117
Backup,Received,117
Primary,Counting,118
Backup,Received,118
Primary,Counting,119
Backup,Received,119
Primary,Counting,120
Backup,Received,120
Primary,Counting,121
Backup,Received,121
Primary,Counting,122
Backup,Received,122
Primary,Counting,123
Backup,Received,123
Primary,Counting,124
Backup,Received,124
Primary,Counting,125
Backup,Received,125
Primary,Counting,126
Backup,Received,126
Primary,Counting,127
Backup,Received,127
Primary,Counting,128
Backup,Received,128
Primary,Counting,129
Backup,Received,129
Primary,Counting,130
Backup,Received,130
Primary,Counting,131
Backup,Received,131
Primary,Counting,132
Backup,Received,132
Primary,Counting,133
Backup,Received,133
Primary,Counting,134
Backup,Received,134
Primary,Counting,135
Backup,Received,135
Primary,Counting,136
Backup,Received,136
Primary,Counting,137
Backup,Received,137
Primary,Counting,138
Backup,Received,138
Primary,Counting,139Backup
,Received,139
Primary,Counting,140
Backup,Received,140
Primary,Counting,141
Backup,Received,141
Primary,Counting,142
Backup,Received,142
Primary,Counting,143
Backup,Received,143
Primary,Counting,144
Backup,Received,144
Primary,Counting,145
Backup,Received,145
Primary,Counting,146
Backup,Received,146
Primary,Counting,147
Backup,Received,147
Primary,Counting,148
Backup,Received,148
Primary,Counting,149
Backup,Received,149
Primary,Counting,150
Backup,Received,150
Primary,Counting,151
Backup,Received,151
Primary,Counting,152
Backup,Received,152
Primary,Counting,153
Backup,Received,153
Primary,Counting,154
Backup,Received,154
Primary,Counting,155
Backup,Received,155
Primary,Counting,156
Backup,Received,156
Primary,Counting,157
Backup,Received,157
Primary,Counting,158
Backup,Received,158
Primary,BackupCounting,,159
Received,159
Primary,Counting,160
Backup,Received,160
Primary,Counting,161
Backup,Received,161
Primary,Counting,162
Backup,Received,162
Primary,Counting,163
Backup,Received,163
Primary,Counting,164
Backup,Received,164
Primary,Counting,165
Backup,Received,165
Primary,Counting,166
Backup,Received,166
Primary,Counting,167
Backup,Received,167
Primary,Counting,168
Backup,Received,168
Primary,Counting,169Backup
,Received,169
Primary,Counting,170
Backup,Received,170
Primary,Counting,171
Backup,Received,171
Primary,Counting,172
Backup,Received,172
Primary,Counting,173
Backup,Received,173
Primary,Counting,174
Backup,Received,174
Primary,Counting,175
Backup,Received,175
Primary,Counting,176
Backup,Received,176
Primary,Counting,177
Backup,Received,177
Primary,Counting,178
Backup,Received,178
Primary,Counting,179
Backup,Received,179
Primary,Counting,180
Backup,Received,180
Primary,Counting,181
Backup,Received,181
Primary,Counting,182
Backup,Received,182
Primary,Counting,183
Backup,Received,183
Primary,Counting,184
Backup,Received,184
Primary,Counting,185
Backup,Received,185
Primary,Counting,186
Backup,Received,186
Primary,Counting,187
Backup,Received,187
Primary,Counting,188
Backup,Received,188
Primary,Counting,189
Backup,Received,189
Primary,Counting,190
Backup,Received,190
Primary,Counting,191
Backup,Received,191
Primary,Counting,192
Backup,Received,192
Primary,Counting,193
Backup,Received,193
Primary,Counting,194
Backup,Received,194
Primary,Counting,195
Backup,Received,195
Primary,Counting,196
Backup,Received,196
Primary,Counting,197
Backup,Received,197
Primary,Counting,198
Backup,Received,198
Primary,Counting,199
Backup,Received,199
Primary,Counting,200
Backup,Received,200
Primary,Counting,201
Backup,Received,201
Primary,Counting,202
Backup,Received,202
Primary,Counting,203
Backup,Received,203
Primary,Counting,204
Backup,Received,204
Primary,Counting,205
Backup,Received,205
Primary,Counting,206
Backup,Received,206
Primary,Counting,207
Backup,Received,207
Primary,Counting,208
Backup,Received,208
Primary,Counting,209
Backup,Received,209
Primary,Counting,210
Backup,Received,210
Primary,Counting,211
Backup,Received,211
Primary,Counting,212
Backup,Received,212
Primary,Counting,213
Backup,Received,213
Primary,Counting,214
Backup,Received,214
Primary,Counting,215
Backup,Received,215
Primary,Counting,216
Backup,Received,216
Primary,Counting,217
Backup,Received,217
Primary,Counting,218
Backup,Received,218
Primary,Counting,219
Backup,Received,219
Primary,Counting,220
Backup,Received,220
Primary,Counting,221
Backup,Received,221
Primary,Counting,222
Backup,Received,222
Primary,Counting,223
Backup,Received,223
Primary,Counting,224
Backup,Received,224
Primary,Counting,225
Backup,Received,225
Primary,Counting,226
Backup,Received,226
Primary,Counting,227
Backup,Received,227
Primary,Counting,228
Backup,Received,228
Primary,CountingBackup,,229Received
,229
Primary,Counting,230
Backup,Received,230
Primary,Counting,231
Backup,Received,231
Primary,Counting,232
Backup,Received,232
Primary,CountingBackup,233,
Received,233
Primary,Counting,234
Backup,Received,234
Primary,Counting,235
Backup,Received,235
Primary,Counting,236
Backup,Received,236
Primary,Counting,237
Backup,Received,237
Primary,Counting,238
Backup,Received,238
Primary,Counting,239
Backup,Received,239
Primary,Counting,240
Backup,Received,240
Primary,Counting,241
Backup,Received,241
Primary,Counting,242
Backup,Received,242
Primary,Counting,243
Backup,Received,243
Primary,Counting,244
Backup,Received,244
Primary,Counting,245
Backup,Received,245
Primary,Counting,246
Backup,Received,246
Primary,Counting,247
Backup,Received,247
Primary,Counting,248
Backup,Received,248
Primary,Counting,249
Backup,Received,249
Primary,Counting,250
Backup,Received,250
Primary,Counting,251
Backup,Received,251
Primary,Counting,252
Backup,Received,252
Primary,Counting,253
Backup,Received,253
Primary,Counting,254
Backup,Received,254
Primary,Counting,255
Backup,Received,255
Primary,Counting,256
Backup,Received,256
Primary,Counting,257
Backup,Received,257
Primary,Counting,Backup258
,Received,258
Primary,Counting,259
Backup,Received,259
Primary,Counting,260
Backup,Received,260
Primary,Counting,261
Backup,Received,261
Primary,Counting,262
Backup,Received,262
Primary,Counting,263
Backup,Received,263
Primary,Counting,264
Backup,Received,264
Primary,Counting,265
Backup,Received,265
Primary,Counting,266
Backup,Received,266
Primary,Counting,267
Backup,Received,267
Primary,Counting,268
Backup,Received,268
Primary,Counting,269
Backup,Received,269
Primary,Counting,270
Backup,Received,270
Primary,Counting,271
Backup,Received,271
Primary,Counting,272
Backup,Received,272
Primary,Counting,273
Backup,Received,273
Primary,Counting,274
Backup,Received,274
Primary,Counting,275
Backup,Received,275
Primary,Counting,276
Backup,Received,276
Primary,Counting,277
Backup,Received,277
Primary,Counting,278
Backup,Received,278
Primary,Counting,279
Backup,Received,279
Primary,Counting,280
Backup,Received,280
Primary,Counting,281
Backup,Received,281
Primary,Counting,282
Backup,Received,282
Primary,Counting,283
Backup,Received,283
Primary,Counting,284
Backup,Received,284
Primary,Counting,285
Backup,Received,285
Primary,Counting,286
Backup,Received,286
Primary,Counting,287
Backup,Received,287
Primary,Counting,288
Backup,Received,288
Primary,Counting,289
Backup,Received,289
Primary,Counting,290
Backup,Received,290
Primary,Counting,291
Backup,Received,291
Primary,Counting,292
Backup,Received,292
Primary,Counting,293
Backup,Received,293
Primary,Counting,294
Backup,Received,294
Primary,Counting,295
Backup,Received,295
Primary,Counting,296
Backup,Received,296
Primary,Counting,297
Backup,Received,297
Primary,Counting,298
Backup,Received,298
Primary,Counting,299
Backup,Received,299
Primary,Counting,300
Backup,Received,300
Primary,Counting,301
Backup,Received,301
Primary,Counting,302
Backup,Received,302
Primary,Counting,303
Backup,Received,303
Primary,Counting,304
Backup,Received,304
Primary,Counting,305
Backup,Received,305
Primary,Counting,306
Backup,Received,306
Primary,Counting,307
Backup,Received,307
Primary,Counting,308
Backup,Received,308
Primary,Counting,309
Backup,Received,309
Primary,Counting,310
Backup,Received,310
Primary,Counting,311
Backup,Received,311
Primary,Counting,312
Backup,Received,312
Primary,Counting,313
Backup,Received,313
Primary,Counting,314
Backup,Received,314
Primary,Counting,315
Backup,Received,315
Primary,Counting,316
Backup,Received,316
Primary,Counting,317
Backup,Received,317
Primary,Counting,318
Backup,Received,318
Primary,Counting,319
Backup,Received,319
Primary,Counting,320
Backup,Received,320
Primary,Counting,321
Backup,Received,321
Primary,Counting,322
Backup,Received,322
Primary,Counting,323
Backup,Received,323
Primary,Counting,324
Backup,Received,324
Primary,Counting,325
Backup,Received,325
Primary,Counting,326
Backup,Received,326
PrimaryBackup,Counting,,Received327,
327
Primary,Counting,328
Backup,Received,328
Primary,Counting,329
Backup,Received,329
Primary,Counting,330
Backup,Received,330
Primary,Counting,331
Backup,Received,331
Primary,Counting,332
Backup,Received,332
Primary,Counting,333
Backup,Received,333
Primary,Counting,334
Backup,Received,334
Primary,Counting,335
Backup,Received,335
Primary,Counting,336
Backup,Received,336
Primary,Counting,Backup337
,Received,337
Primary,Counting,338
Backup,Received,338
Primary,Counting,339
Backup,Received,339
Primary,Counting,340
Backup,Received,340
Primary,Counting,341
Backup,Received,341
Primary,Counting,342
Backup,Received,342
Primary,Counting,343
Backup,Received,343
Primary,Counting,344
Backup,Received,344
Primary,Counting,345
Backup,Received,345
Primary,Counting,346
Backup,Received,346
Primary,Counting,347
Backup,Received,347
Primary,Counting,348
Backup,Received,348
Primary,Counting,349
Backup,Received,349
Primary,Counting,350
Backup,Received,350
Primary,Counting,351
Backup,Received,351
Primary,Counting,352
Backup,Received,352
Primary,Counting,353
Backup,Received,353
Primary,Counting,354
Backup,Received,354
Primary,Counting,355
Backup,Received,355
Primary,Counting,356
Backup,Received,356
Primary,Counting,357
Backup,Received,357
Primary,Counting,358
Backup,Received,358
Primary,Counting,359
Backup,Received,359
Primary,Counting,360
Backup,Received,360
Primary,Counting,361
Backup,Received,361
Primary,Counting,362
Backup,Received,362
Primary,Counting,363
Backup,Received,363
Primary,Counting,364
Backup,Received,364
Primary,Counting,365
Backup,Received,365
Primary,Counting,366
Backup,Received,366
Primary,Counting,367
Backup,Received,367
Primary,Counting,368
Backup,Received,368
Primary,Counting,369
Backup,Received,369
Primary,Counting,370
Backup,Received,370
Primary,Counting,371
Backup,Received,371
Primary,Counting,372
Backup,Received,372
Primary,Counting,373
Backup,Received,373
Primary,Counting,374
Backup,Received,374
Primary,Counting,375
Backup,Received,375
Primary,Counting,376
Backup,Received,376
Primary,Counting,377
Backup,Received,377
Primary,Counting,378
Backup,Received,378
Primary,Counting,379
Backup,Received,379
Primary,Counting,380
Backup,Received,380
Primary,Counting,381
Backup,Received,381
Primary,Counting,382
Backup,Received,382
Primary,Counting,383
Backup,Received,383
Primary,Counting,384
Backup,Received,384
Primary,Counting,385
Backup,Received,385
Primary,Counting,386
Backup,Received,386
Primary,Counting,387
Backup,Received,387
Primary,Counting,388
Backup,Received,388
Primary,Counting,389
Backup,Received,389
Primary,Counting,390
Backup,Received,390
Primary,Counting,391
Backup,Received,391
Primary,Counting,392
Backup,Received,392
Primary,Counting,393
Backup,Received,393
Primary,Counting,394
Backup,Received,394
Primary,Counting,395
Backup,Received,395
Primary,Counting,396
Backup,Received,396
Primary,Counting,397
Backup,Received,397
Primary,Counting,398
Backup,Received,398
Primary,Counting,399
Backup,Received,399
Primary,Counting,400
Backup,Received,400
Primary,Counting,401
Backup,Received,401
Primary,Counting,402
Backup,Received,402
Primary,Counting,403
Backup,Received,403
PrimaryBackup,Counting,,Received404,
404
Primary,Counting,405
Backup,Received,405
Primary,Counting,406
Backup,Received,406
Primary,Counting,407
Backup,Received,407
Primary,Counting,408
Backup,Received,408
Primary,Counting,409
Backup,Received,409
Primary,Counting,410
Backup,Received,410
Primary,Counting,411
Backup,Received,411
Primary,Counting,412
Backup,Received,412
Primary,Counting,413
Backup,Received,413
Primary,Counting,414
Backup,Received,414
Primary,Counting,415
Backup,Received,415
Primary,Counting,416
Backup,Received,416
Primary,Counting,417
Backup,Received,417
Primary,Counting,418
Backup,Received,418
Primary,Counting,419
Backup,Received,419
Primary,Counting,420
Backup,Received,420
Primary,Counting,421
Backup,Received,421
Primary,Counting,422
Backup,Received,422
Primary,Counting,423
Backup,Received,423
Primary,Counting,424Backup
,Received,424
Primary,Counting,425
Backup,Received,425
Primary,Counting,426
Backup,Received,426
Primary,Counting,427
Backup,Received,427
Primary,Counting,428
Backup,Received,428
Primary,Counting,429
Backup,Received,429
Primary,Counting,430
Backup,Received,430
Primary,Counting,431
Backup,Received,431
Primary,Counting,432
Backup,Received,432
Primary,Counting,433
Backup,Received,433
Primary,Counting,434
Backup,Received,434
Primary,Counting,435
Backup,Received,435
Primary,Counting,436
Backup,Received,436
PrimaryBackup,Counting,,Received437,
437
Primary,Counting,438
Backup,Received,438
Primary,Counting,439Backup
,Received,439
Primary,Counting,440
Backup,Received,440
Primary,Counting,441
Backup,Received,441
Primary,Counting,442
Backup,Received,442
Primary,Counting,443
Backup,Received,443
Primary,Counting,444
Backup,Received,444
Primary,Counting,445
Backup,Received,445
Primary,Counting,446
Backup,Received,446
Primary,Counting,447
Backup,Received,447
Primary,Counting,448
Backup,Received,448
Primary,Counting,449
Backup,Received,449
Primary,Counting,450
Backup,Received,450
Primary,Counting,451
Backup,Received,451
Primary,Counting,452
Backup,Received,452
Primary,Counting,453
Backup,Received,453
Primary,Counting,454
Backup,Received,454
Primary,Counting,455
Backup,Received,455
Primary,Counting,456
Backup,Received,456
Primary,Counting,457
Backup,Received,457
Primary,Counting,458
Backup,Received,458
Primary,Counting,459
Backup,Received,459
Primary,Counting,460
Backup,Received,460
Primary,Counting,461
Backup,Received,461
Primary,Counting,462
Backup,Received,462
Primary,Counting,463
Backup,Received,463
Primary,Counting,464
Backup,Received,464
Primary,Counting,465
Backup,Received,465
Primary,Counting,466
Backup,Received,466
Primary,Counting,467
Backup,Received,467
Primary,Counting,468
Backup,Received,468
Primary,Counting,469
Backup,Received,469
Primary,Counting,470
Backup,Received,470
Primary,Counting,471
Backup,Received,471
Primary,Counting,472
Backup,Received,472
Primary,Counting,473
Backup,Received,473
Primary,Counting,474
Backup,Received,474
Primary,Counting,475
Backup,Received,475
Primary,Counting,476
Backup,Received,476
Primary,Counting,477
Backup,Received,477
Primary,Counting,478
Backup,Received,478
Primary,Counting,479
Backup,Received,479
Primary,Counting,480
Backup,Received,480
Primary,Counting,Backup481
,Received,481
Primary,Counting,482
Backup,Received,482
Primary,Counting,483
Backup,Received,483
Primary,Counting,484
Backup,Received,484
Primary,Counting,485
Backup,Received,485
Primary,Counting,486
Backup,Received,486
Primary,Counting,487
Backup,Received,487
Primary,Counting,488
Backup,Received,488
Primary,Counting,489
Backup,Received,489
Primary,Counting,490
Backup,Received,490
Primary,Counting,491
Backup,Received,491
Primary,Counting,492
Backup,Received,492
Primary,Counting,493
Backup,Received,493
Primary,Counting,494
Backup,Received,494
Primary,Counting,495
Backup,Received,495
Primary,Counting,496
Backup,Received,496
Primary,Counting,497
Backup,Received,497
Primary,Counting,498
Backup,Received,498
Primary,Counting,499
Backup,Received,499
Primary,Counting,500
Backup,Received,500
Primary,Counting,501
Backup,Received,501
Primary,Counting,502
Backup,Received,502
Primary,Counting,503
Backup,Received,503
Primary,Counting,504
Backup,Received,504
Primary,Counting,505
Backup,Received,505
Primary,Counting,506
Backup,Received,506
Primary,Counting,507
Backup,Received,507
Primary,Counting,508
Backup,Received,508
Primary,Counting,509
Backup,Received,509
Primary,Counting,510
Backup,Received,510
Primary,Counting,511
Backup,Received,511
Primary,Counting,512
Backup,Received,512
Primary,Counting,513
Backup,Received,513
Primary,Counting,514
Backup,Received,514
Primary,Counting,515
Backup,Received,515
Primary,Counting,516
Backup,Received,516
Primary,Counting,517
Backup,Received,517
Primary,Counting,518
Backup,Received,518
Primary,Counting,519
Backup,Received,519
Primary,Counting,520
Backup,Received,520
Primary,Counting,521
Backup,Received,521
Primary,Counting,522
Backup,Received,522
Primary,Counting,523
Backup,Received,523
Primary,Counting,524
Backup,Received,524
Primary,Counting,525
Backup,Received,525
Primary,Counting,526
Backup,Received,526
Primary,Counting,527
Backup,Received,527
Primary,Counting,528
Backup,Received,528
Primary,Counting,529
Backup,Received,529
Primary,Counting,530
Backup,Received,530
Primary,Counting,531
Backup,Received,531
Primary,Counting,532
Backup,Received,532
Primary,Counting,533
Backup,Received,533
Primary,Counting,534
Backup,Received,534
Primary,Counting,535
Backup,Received,535
Primary,Counting,536
Backup,Received,536
Primary,Counting,537
Backup,Received,537
Primary,Counting,538
Backup,Received,538
Primary,Counting,539
Backup,Received,539
Primary,Counting,540
Backup,Received,540
Primary,Counting,541
Backup,Received,541
Primary,Counting,542
Backup,Received,542
Primary,Counting,543
Backup,Received,543
Primary,Counting,544
Backup,Received,544
Primary,Counting,545
Backup,Received,545
Primary,Counting,546
Backup,Received,546
Primary,Counting,547
Backup,Received,547
Primary,Counting,548
Backup,Received,548
Primary,Counting,549
Backup,Received,549
Primary,Counting,550
Backup,Received,550
Primary,Counting,551
Backup,Received,551
Primary,Counting,552
Backup,Received,552
Primary,Counting,553
Backup,Received,553
Primary,Counting,554
Backup,Received,554
Primary,Counting,555
Backup,Received,555
Primary,Counting,556
Backup,Received,556
Primary,Counting,557
Backup,Received,557
Primary,Counting,558
Backup,Received,558
Primary,Counting,559
Backup,Received,559
Primary,Counting,560
Backup,Received,560
Primary,Counting,561
Backup,Received,561
Primary,Counting,562
Backup,Received,562
Primary,Counting,563
Backup,Received,563
Primary,Counting,564
Backup,Received,564
Primary,Counting,565
Backup,Received,565
Primary,Counting,566
Backup,Received,566
Primary,Counting,567
Backup,Received,567
Primary,Counting,568
Backup,Received,568
Primary,Counting,569
Backup,Received,569
Primary,Counting,570
Backup,Received,570
Primary,Counting,571
Backup,Received,571
Primary,Counting,572
Backup,Received,572
Primary,Counting,573
Backup,Received,573
Primary,Counting,574
Backup,Received,574
Primary,Counting,575
Backup,Received,575
Primary,Counting,576
Backup,Received,576
Primary,Counting,577
Backup,Received,577
Primary,Counting,578
Backup,Received,578
Primary,Counting,579
Backup,Received,579
Primary,Counting,580
Backup,Received,580
Primary,Counting,581
Backup,Received,581
Primary,Counting,582
Backup,Received,582
Primary,Counting,583
Backup,Received,583
Primary,Counting,584
Backup,Received,584
Primary,Counting,585
Backup,Received,585
Primary,Counting,586
Backup,Received,586
Primary,Counting,587
Backup,Received,587
Primary,Counting,588
Backup,Received,588
Primary,Counting,589
Backup,Received,589
Primary,Counting,590
Backup,Received,590
Primary,Counting,591
Backup,Received,591
Primary,Counting,592
Backup,Received,592
Primary,Counting,593
Backup,Received,593
Primary,Counting,594
Backup,Received,594
Primary,Counting,595
Backup,Received,595
Primary,Counting,596
Backup,Received,596
Primary,Counting,597
Backup,Received,597
Primary,Counting,598
Backup,Received,598
Primary,Counting,599
Backup,Received,599
Primary,Counting,600
Backup,Received,600
Primary,Counting,601
Backup,Received,601
Primary,Counting,602
Backup,Received,602
Primary,Counting,603
Backup,Received,603
Primary,Counting,604
Backup,Received,604
Primary,Counting,605
Backup,Received,605
Primary,Counting,606
Backup,Received,606
Primary,Counting,607
Backup,Received,607
Primary,Counting,608
Backup,Received,608
Primary,Counting,609
Backup,Received,609
Primary,Counting,610
Backup,Received,610
Primary,Counting,611
Backup,Received,611
Primary,Counting,612
Backup,Received,612
Primary,Counting,613
Backup,Received,613
Primary,Counting,614
Backup,Received,614
Primary,Counting,615
Backup,Received,615
Primary,Counting,616
Backup,Received,616
Primary,Counting,617
Backup,Received,617
Primary,Counting,618
Backup,Received,618
Primary,Counting,619
Backup,Received,619
Primary,Counting,620
Backup,Received,620
Primary,Counting,621
Backup,Received,621
Primary,Counting,622
Backup,Received,622
Primary,Counting,623
Backup,Received,623
Primary,Counting,624
Backup,Received,624
Primary,Counting,625
Backup,Received,625
Primary,Counting,626
Backup,Received,626
Primary,Counting,627
Backup,Received,627
Primary,Counting,628
Backup,Received,628
Primary,Counting,629
Backup,Received,629
Primary,Counting,630
Backup,Received,630
Primary,Counting,631
Backup,Received,631
Primary,Counting,632
Backup,Received,632
Primary,Counting,633
Backup,Received,633
Primary,Counting,634
Backup,Received,634
Primary,Counting,635
Backup,Received,635
Primary,Counting,636
Backup,Received,636
Primary,Counting,637
Backup,Received,637
Primary,Counting,638
Backup,Received,638
Primary,Counting,639
Backup,Received,639
Primary,Counting,640
Backup,Received,640
Primary,Counting,641
Backup,Received,641
Primary,Counting,642
Backup,Received,642
Primary,Counting,643
Backup,Received,643
Primary,Counting,644
Backup,Received,644
Primary,Counting,645
Backup,Received,645
Primary,Counting,646
Backup,Received,646
Primary,Counting,647
Backup,Received,647
Primary,Counting,648
Backup,Received,648
Primary,Counting,649
Backup,Received,649
Primary,Counting,650
Backup,Received,650
Primary,Counting,651
Backup,Received,651
Primary,Counting,652
Backup,Received,652
Primary,Counting,653
Backup,Received,653
Primary,Counting,654
Backup,Received,654
Primary,Counting,655
Backup,Received,655
Primary,Counting,656
Backup,Received,656
Primary,Counting,657
Backup,Received,657
Primary,Counting,658
Backup,Received,658
Primary,Counting,659
Backup,Received,659
Primary,Counting,660
Backup,Received,660
Primary,Counting,661
Backup,Received,661
Primary,Counting,662
Backup,Received,662
Primary,Counting,663
Backup,Received,663
Primary,Counting,664
Backup,Received,664
Primary,Counting,665
Backup,Received,665
Primary,Counting,666
Backup,Received,666
Primary,Counting,667
Backup,Received,667
Primary,Counting,668
Backup,Received,668
Primary,Counting,669
Backup,Received,669
Primary,Counting,670
Backup,Received,670
Primary,Counting,671
Backup,Received,671
Primary,Counting,672
Backup,Received,672
Primary,Counting,673
Backup,Received,673
Primary,Counting,674
Backup,Received,674
Primary,Counting,675
Backup,Received,675
Primary,Counting,676
Backup,Received,676
Primary,Counting,677
Backup,Received,677
Primary,Counting,678
Backup,Received,678
Primary,Counting,679
Backup,Received,679
Primary,Counting,680
Backup,Received,680
Primary,Counting,681
Backup,Received,681
Primary,Counting,682
Backup,Received,682
Primary,Counting,683
Backup,Received,683
Primary,Counting,684
Backup,Received,684
Primary,Counting,685
Backup,Received,685
Primary,Counting,686
Backup,Received,686
Primary,Counting,687
Backup,Received,687
Primary,Counting,688
Backup,Received,688
Primary,Counting,689
Backup,Received,689
Primary,Counting,690
Backup,Received,690
Primary,Counting,691
Backup,Received,691
Primary,Counting,692
Backup,Received,692
Primary,Counting,693
Backup,Received,693
Primary,Counting,694
Backup,Received,694
Primary,Counting,695
Backup,Received,695
Primary,Counting,696
Backup,Received,696
Primary,Counting,697
Backup,Received,697
Primary,Counting,698
Backup,Received,698
Primary,Counting,699
Backup,Received,699
Primary,Counting,700
Backup,Received,700
Primary,Counting,701
Backup,Received,701
Primary,Counting,702
Backup,Received,702
Primary,Counting,703
Backup,Received,703
Primary,Counting,704
Backup,Received,704
Primary,Counting,705
Backup,Received,705
Primary,Counting,706
Backup,Received,706
Primary,Counting,707
Backup,Received,707
Primary,Counting,708
Backup,Received,708
Primary,Counting,709
Backup,Received,709
Primary,Counting,710
Backup,Received,710
Primary,Counting,711
Backup,Received,711
Primary,Counting,712
Backup,Received,712
Primary,Counting,713
Backup,Received,713
Primary,Counting,714
Backup,Received,714
Primary,Counting,715
Backup,Received,715
Primary,Counting,716
Backup,Received,716
Primary,Counting,717
Backup,Received,717
Primary,Counting,718
Backup,Received,718
Primary,Counting,719
Backup,Received,719
Primary,Counting,720
Backup,Received,720
Primary,Counting,721
Backup,Received,721
Primary,Counting,722
Backup,Received,722
Primary,Counting,723
Backup,Received,723
Primary,Counting,724
Backup,Received,724
Primary,Counting,725
Backup,Received,725
Primary,Counting,726
Backup,Received,726
Primary,Counting,727
Backup,Received,727
Primary,Counting,728
Backup,Received,728
Primary,Counting,729
Backup,Received,729
Primary,Counting,730
Backup,Received,730
Primary,Counting,731
Backup,Received,731
Primary,Counting,732
Backup,Received,732
Primary,Counting,733
Backup,Received,733
Primary,Counting,734
Backup,Received,734
Primary,Counting,735
Backup,Received,735
Primary,Counting,736
Backup,Received,736
Primary,Counting,737
Backup,Received,737
Primary,Counting,738
Backup,Received,738
Primary,Counting,739
Backup,Received,739
Primary,Counting,740
Backup,Received,740
Primary,Counting,741
Backup,Received,741
Primary,Counting,742
Backup,Received,742
Primary,Counting,743
Backup,Received,743
Primary,Counting,744
Backup,Received,744
Primary,Counting,745
Backup,Received,745
Primary,Counting,746
Backup,Received,746
Primary,Counting,747
Backup,Received,747
Primary,Counting,748
Backup,Received,748
PrimaryBackup,,CountingReceived,,749749

Primary,Counting,750
Backup,Received,750
Primary,Counting,751
Backup,Received,751
Primary,Counting,752
Backup,Received,752
Primary,Counting,753
Backup,Received,753
Primary,Counting,754
Backup,Received,754
Primary,Counting,755
Backup,Received,755
Primary,Counting,756
Backup,Received,756
Primary,Counting,757
Backup,Received,757
Primary,Counting,758
Backup,Received,758
Primary,Counting,759
Backup,Received,759
Primary,Counting,760
Backup,Received,760
Primary,Counting,761
Backup,Received,761
Primary,Counting,762
Backup,Received,762
Primary,Counting,763
Backup,Received,763
Primary,Counting,764
Backup,Received,764
Primary,Counting,765
Backup,Received,765
Primary,Counting,766
Backup,Received,766
Primary,Counting,767
Backup,Received,767
Primary,Counting,768
Backup,Received,768
Primary,Counting,769
Backup,Received,769
Primary,Counting,770
Backup,Received,770
Primary,Counting,771
Backup,Received,771
Primary,Counting,772
Backup,Received,772
Primary,Counting,773
Backup,Received,773
Primary,Counting,774
Backup,Received,774
Primary,Counting,775
Backup,Received,775
Primary,Counting,776
Backup,Received,776
Primary,Counting,777
Backup,Received,777
Primary,Counting,778
Backup,Received,778
Primary,CountingBackup,779,
Received,779
Primary,Counting,780
Backup,Received,780
Primary,Counting,781
Backup,Received,781
Primary,Counting,782
Backup,Received,782
Primary,Counting,783
Backup,Received,783
Primary,Counting,784
Backup,Received,784
Primary,Counting,785
Backup,Received,785
Primary,Counting,786
Backup,Received,786
Primary,Counting,787
Backup,Received,787
Primary,Counting,788
Backup,Received,788
Primary,Counting,789
Backup,Received,789
Primary,Counting,790
Backup,Received,790
Primary,Counting,791
Backup,Received,791
Primary,Counting,792
Backup,Received,792
Primary,Counting,793
Backup,Received,793
Primary,Counting,794
Backup,Received,794
Primary,Counting,795
Backup,Received,795
Primary,Counting,796
Backup,Received,796
Primary,Counting,797
Backup,Received,797
Primary,Counting,798
Backup,Received,798
Primary,Counting,799
Backup,Received,799
PrimaryBackup,,CountingReceived,,800800

Primary,Counting,801
Backup,Received,801
Primary,Counting,802
Backup,Received,802
Primary,Counting,803
Backup,Received,803
Primary,Counting,804
Backup,Received,804
Primary,Counting,805
Backup,Received,805
Primary,Counting,806
Backup,Received,806
Primary,Counting,807
Backup,Received,807
Primary,Counting,808
Backup,Received,808
Primary,Counting,809
Backup,Received,809
Primary,BackupCounting,,Received810,
810
Primary,Counting,811
Backup,Received,811
Primary,Counting,812
Backup,Received,812
Primary,Counting,813
Backup,Received,813
Primary,Counting,814
Backup,Received,814
Primary,Counting,815
Backup,Received,815
Primary,Counting,816
Backup,Received,816
Primary,Counting,817
Backup,Received,817
Primary,Counting,818
Backup,Received,818
Primary,Counting,819
Backup,Received,819
Primary,Counting,820
Backup,Received,820
Primary,Counting,821
Backup,Received,821
Primary,Counting,822
Backup,Received,822
Primary,Counting,823
Backup,Received,823
Primary,Counting,824
Backup,Received,824
Primary,Counting,825
Backup,Received,825
Primary,Counting,826
Backup,Received,826
Primary,Counting,827
Backup,Received,827
Primary,Counting,828
Backup,Received,828
Primary,Counting,829
Backup,Received,829
Primary,Counting,830
Backup,Received,830
Primary,Counting,831
Backup,Received,831
Primary,Counting,832
Backup,Received,832
Primary,Counting,833
Backup,Received,833
Primary,Counting,834
Backup,Received,834
Primary,Counting,835
Backup,Received,835
Primary,Counting,836
Backup,Received,836
Primary,Counting,837
Backup,Received,837
Primary,Counting,838
Backup,Received,838
Primary,Counting,839
Backup,Received,839
Primary,Counting,840
Backup,Received,840
Primary,Counting,841
Backup,Received,841
Primary,Counting,842
Backup,Received,842
Primary,Counting,843
Backup,Received,843
Primary,Counting,844
Backup,Received,844
Primary,Counting,845
Backup,Received,845
Primary,Counting,846
Backup,Received,846
Primary,Counting,847
Backup,Received,847
Primary,Counting,848
Backup,Received,848
Primary,Counting,849
Backup,Received,849
Primary,Counting,850
Backup,Received,850
Primary,Counting,851
Backup,Received,851
Primary,Counting,852
Backup,Received,852
Primary,Counting,853
Backup,Received,853
Primary,Counting,854
Backup,Received,854
Primary,Counting,855
Backup,Received,855
Primary,Counting,856
Backup,Received,856
Primary,Counting,857
Backup,Received,857
Primary,Counting,858
Backup,Received,858
Primary,Counting,859
Backup,Received,859
Primary,Counting,860
Backup,Received,860
Primary,Counting,861
Backup,Received,861
Primary,Counting,862
Backup,Received,862
Primary,Counting,863
Backup,Received,863
Primary,Counting,864
Backup,Received,864
Primary,Counting,865
Backup,Received,865
Primary,Counting,866
Backup,Received,866
Primary,Counting,867
Backup,Received,867
Primary,Counting,868
Backup,Received,868
Primary,Counting,869
Backup,Received,869
Primary,Counting,870
Backup,Received,870
Primary,Counting,871
Backup,Received,871
Primary,Counting,872Backup
,Received,872
Primary,Counting,873
Backup,Received,873
Primary,Counting,874
Backup,Received,874
Primary,Counting,875
Backup,Received,875
Primary,Counting,876
Backup,Received,876
Primary,Counting,877
Backup,Received,877
Primary,Counting,878
Backup,Received,878
Primary,Counting,879
Backup,Received,879
Primary,Counting,880
Backup,Received,880
Primary,Counting,881
Backup,Received,881
Primary,Counting,882
Backup,Received,882
Primary,Counting,883
Backup,Received,883
Primary,Counting,884
Backup,Received,884
Primary,Counting,885
Backup,Received,885
Primary,Counting,886
Backup,Received,886
Primary,Counting,887
Backup,Received,887
Primary,Counting,888
Backup,Received,888
Primary,Counting,889
Backup,Received,889
Primary,Counting,890
Backup,Received,890
Primary,Counting,891
Backup,Received,891
Primary,Counting,892
Backup,Received,892
Primary,Counting,893
Backup,Received,893
Primary,Counting,894
Backup,Received,894
Primary,CountingBackup,,895Received
,895
Primary,Counting,Backup896,
Received,896
Primary,Counting,897
Backup,Received,897
Primary,Counting,898
Backup,Received,898
Primary,Counting,899
Backup,Received,899
Primary,CountingBackup,,900Received
,900
Primary,Counting,901
Backup,Received,901
Primary,Counting,902
Backup,Received,902
Primary,Counting,903
Backup,Received,903
Primary,Counting,904
Backup,Received,904
Primary,Counting,905
Backup,Received,905
Primary,Counting,Backup906,
Received,906
Primary,Counting,907
Backup,Received,907
Primary,Counting,908
Backup,Received,908
Primary,Counting,909
Backup,Received,909
Primary,Counting,910
Backup,Received,910
Primary,Counting,911
Backup,Received,911
Primary,Counting,912
Backup,Received,912
Primary,Counting,913
Backup,Received,913
Primary,Counting,914
Backup,Received,914
Primary,Counting,915
Backup,Received,915
Primary,Counting,916
Backup,Received,916
Primary,Counting,917
Backup,Received,917
Primary,Counting,918
Backup,Received,918
Primary,Counting,919
Backup,Received,919
Primary,Counting,920
Backup,Received,920
Primary,Counting,921
Backup,Received,921
Primary,Counting,922
Backup,Received,922
Primary,Counting,923
Backup,Received,923
Primary,Counting,924
Backup,Received,924
Primary,Counting,925
Backup,Received,925
Primary,Counting,926
Backup,Received,926
Primary,Counting,927
Backup,Received,927
Primary,Counting,928
Backup,Received,928
Primary,Counting,929
Backup,Received,929
Primary,Counting,930
Backup,Received,930
Primary,Counting,931
Backup,Received,931
Primary,Counting,932
Backup,Received,932
Primary,Counting,933
Backup,Received,933
Primary,Counting,934
Backup,Received,934
Primary,Counting,935
Backup,Received,935
Primary,Counting,936
Backup,Received,936
Primary,Counting,937
Backup,Received,937
Primary,Counting,938
Backup,Received,938
Primary,Counting,939
Backup,Received,939
Primary,Counting,940
Backup,Received,940
Primary,Counting,941
Backup,Received,941
Primary,Counting,942
Backup,Received,942
Primary,Counting,943
Backup,Received,943
Primary,Counting,944
Backup,Received,944
Primary,Counting,945
Backup,Received,945
Primary,Counting,946
Backup,Received,946
Primary,Counting,947
Backup,Received,947
Primary,Counting,948
Backup,Received,948
Primary,Counting,949
Backup,Received,949
Primary,Counting,950
Backup,Received,950
Primary,Counting,951
Backup,Received,951
Primary,Counting,952
Backup,Received,952
Primary,Counting,953
Backup,Received,953
Primary,Counting,954
Backup,Received,954
Primary,Counting,955
Backup,Received,955
Primary,Counting,956
Backup,Received,956
Primary,Counting,957
Backup,Received,957
Primary,Counting,958
Backup,Received,958
Primary,Counting,959
Backup,Received,959
Primary,Counting,960
Backup,Received,960
Primary,Counting,961
Backup,Received,961
Primary,Counting,962
Backup,Received,962
Primary,Counting,963
Backup,Received,963
Primary,Counting,964
Backup,Received,964
Primary,Counting,965
Backup,Received,965
Primary,Counting,966
Backup,Received,966
Primary,Counting,967
Backup,Received,967
Primary,Counting,968
Backup,Received,968
Primary,Counting,969
Backup,Received,969
Primary,Counting,970
Backup,Received,970
Primary,Counting,971
Backup,Received,971
Primary,Counting,972
Backup,Received,972
Primary,Counting,973
Backup,Received,973
Primary,Counting,974
Backup,Received,974
Primary,Counting,975
Backup,Received,975
Primary,Counting,976
Backup,Received,976
Primary,Counting,977
Backup,Received,977
Primary,Counting,978
Backup,Received,978
Primary,Counting,979
Backup,Received,979
Primary,Counting,980
Backup,Received,980
Primary,Counting,981
Backup,Received,981
Primary,Counting,982
Backup,Received,982
Primary,Counting,983
Backup,Received,983
Primary,Counting,984
Backup,Received,984
Primary,Counting,985
Backup,Received,985
Primary,Counting,986
Backup,Received,986
Primary,Counting,987
Backup,Received,987
Primary,Counting,988
Backup,Received,988
Primary,Counting,989
Backup,Received,989
Primary,Counting,990
Backup,Received,990
Primary,Counting,991
Backup,Received,991
Primary,Counting,992
Backup,Received,992
Primary,Counting,993
Backup,Received,993
Primary,Counting,994
Backup,Received,994
Primary,Counting,995
Backup,Received,995
Primary,Counting,996
Backup,Received,996
Primary,Counting,997
Backup,Received,997
Primary,Counting,998
Backup,Received,998
Primary,Counting,999
Backup,Received,999
Primary,Counting,1000
Backup,Received,1000
Primary,Counting,1001
Backup,Received,1001
Primary,Counting,1002
Backup,Received,1002
Primary,Counting,1003
Backup,Received,1003
Primary,Counting,1004
Backup,Received,1004
Primary,Counting,1005
Backup,Received,1005
Primary,Counting,1006
Backup,Received,1006
Primary,Counting,1007
Backup,Received,1007
Primary,Counting,1008
Backup,Received,1008
Primary,Counting,1009
Backup,Received,1009
Primary,Counting,1010
Backup,Received,1010
Primary,Counting,1011
Backup,Received,1011
Primary,Counting,1012
Backup,Received,1012
Primary,Counting,1013
Backup,Received,1013
Primary,Counting,1014
Backup,Received,1014
Primary,Counting,1015
Backup,Received,1015
Primary,Counting,1016
Backup,Received,1016
Primary,Counting,1017
Backup,Received,1017
Primary,Counting,1018
Backup,Received,1018
Primary,Counting,1019
Backup,Received,1019
Primary,Counting,1020
Backup,Received,1020
Primary,Counting,1021
Backup,Received,1021
Primary,Counting,1022
Backup,Received,1022
Primary,Counting,1023
Backup,Received,1023
Primary,Counting,1024
Backup,Received,1024
Primary,Counting,1025
Backup,Received,1025
Primary,Counting,1026
Backup,Received,1026
Primary,Counting,1027
Backup,Received,1027
Primary,Counting,1028
Backup,Received,1028
Primary,Counting,1029
Backup,Received,1029
Primary,Counting,1030
Backup,Received,1030
Primary,Counting,1031
Backup,Received,1031
Primary,Counting,1032
Backup,Received,1032
Primary,Counting,1033
Backup,Received,1033
Primary,Counting,1034
Backup,Received,1034
Primary,Counting,1035
Backup,Received,1035
Primary,Counting,1036
Backup,Received,1036
Primary,Counting,1037
Backup,Received,1037
Primary,Counting,1038
Backup,Received,1038
Primary,Counting,1039
Backup,Received,1039
Primary,Counting,1040
Backup,Received,1040
Primary,Counting,1041
Backup,Received,1041
Primary,Counting,1042
Backup,Received,1042
Primary,Counting,1043
Backup,Received,1043
Primary,Counting,1044
Backup,Received,1044
Primary,Counting,1045
Backup,Received,1045
Primary,Counting,1046
Backup,Received,1046
Primary,Counting,1047
Backup,Received,1047
Primary,Counting,1048
Backup,Received,1048
Primary,Counting,1049
Backup,Received,1049
Primary,Counting,1050
Backup,Received,1050
Primary,Counting,1051
Backup,Received,1051
Primary,Counting,1052
Backup,Received,1052
Primary,Counting,1053
Backup,Received,1053
Primary,Counting,1054
Backup,Received,1054
Primary,Counting,1055
Backup,Received,1055
Primary,Counting,1056
Backup,Received,1056
Primary,Counting,1057
Backup,Received,1057
Primary,Counting,1058
Backup,Received,1058
Primary,Counting,1059
Backup,Received,1059
Primary,Counting,1060
Backup,Received,1060
Primary,Counting,1061
Backup,Received,1061
Primary,Counting,1062
Backup,Received,1062
Primary,Counting,1063
Backup,Received,1063
Primary,Counting,1064
Backup,Received,1064
Primary,Counting,1065
Backup,Received,1065
Primary,Counting,1066
Backup,Received,1066
Primary,Counting,1067
Backup,Received,1067
Primary,Counting,1068
Backup,Received,1068
Primary,Counting,1069
Backup,Received,1069
Primary,Counting,1070
Backup,Received,1070
Primary,Counting,1071
Backup,Received,1071
Primary,Counting,1072
Backup,Received,1072
Primary,CountingBackup,,1073Received
,1073
Primary,Counting,1074
Backup,Received,1074
Primary,Counting,1075
Backup,Received,1075
Primary,Counting,1076
Backup,Received,1076
Primary,Counting,1077
Backup,Received,1077
Primary,Counting,1078
Backup,Received,1078
Primary,Counting,1079
Backup,Received,1079
Primary,Counting,1080
Backup,Received,1080
Primary,Counting,1081
Backup,Received,1081
Primary,Counting,1082
Backup,Received,1082
Primary,Counting,1083
Backup,Received,1083
Primary,Counting,1084
Backup,Received,1084
Primary,Counting,1085
Backup,Received,1085
Primary,Counting,1086
Backup,Received,1086
Primary,Counting,1087
Backup,Received,1087
Primary,Counting,1088Backup
,Received,1088
Primary,Counting,1089
Backup,Received,1089
Primary,Counting,1090
Backup,Received,1090
Primary,Counting,1091
Backup,Received,1091
Primary,Counting,1092
Backup,Received,1092
Primary,Counting,1093
Backup,Received,1093
Primary,Counting,1094
Backup,Received,1094
Primary,Counting,1095
Backup,Received,1095
Primary,Counting,1096
Backup,Received,1096
Primary,Counting,1097
Backup,Received,1097
Primary,Counting,1098
Backup,Received,1098
Primary,Counting,1099
Backup,Received,1099
Primary,Counting,1100
Backup,Received,1100
Primary,Counting,1101
Backup,Received,1101
Primary,Counting,1102
Backup,Received,1102
Primary,Counting,1103
Backup,Received,1103
Primary,Counting,1104
Backup,Received,1104
Primary,Counting,1105
Backup,Received,1105
Primary,Counting,1106
Backup,Received,1106
Primary,Counting,1107
Backup,Received,1107
Primary,Counting,1108
Backup,Received,1108
Primary,Counting,1109
Backup,Received,1109
Primary,Counting,1110
Backup,Received,1110
Primary,Counting,1111
Backup,Received,1111
Primary,Counting,1112
Backup,Received,1112
Primary,Counting,1113
Backup,Received,1113
Primary,Counting,1114
Backup,Received,1114
Primary,Counting,1115
Backup,Received,1115
Primary,Counting,1116
Backup,Received,1116
Primary,Counting,1117
Backup,Received,1117
Primary,Counting,1118
Backup,Received,1118
Primary,Counting,1119
Backup,Received,1119
Primary,Counting,1120
Backup,Received,1120
Primary,Counting,1121
Backup,Received,1121
Primary,Counting,1122
Backup,Received,1122
Primary,Counting,1123
Backup,Received,1123
Primary,Counting,1124
Backup,Received,1124
Primary,Counting,1125
Backup,Received,1125
Primary,Counting,1126
Backup,Received,1126
Primary,Counting,1127
Backup,Received,1127
Primary,Counting,1128
Backup,Received,1128
Primary,Counting,1129
Backup,Received,1129
Primary,Counting,1130
Backup,Received,1130
Primary,Counting,1131
Backup,Received,1131
Primary,Counting,1132
Backup,Received,1132
Primary,Counting,1133
Backup,Received,1133
Primary,Counting,1134
Backup,Received,1134
Primary,Counting,1135
Backup,Received,1135
Primary,Counting,1136
Backup,Received,1136
Primary,Counting,1137
Backup,Received,1137
Primary,Counting,1138
Backup,Received,1138
Primary,Counting,1139
Backup,Received,1139
Primary,Counting,1140
Backup,Received,1140
Primary,Counting,1141
Backup,Received,1141
Primary,Counting,1142
Backup,Received,1142
Primary,Counting,1143
Backup,Received,1143
Primary,Counting,1144
Backup,Received,1144
Primary,Counting,1145
Backup,Received,1145
Primary,Counting,1146
Backup,Received,1146
Primary,Counting,1147
Backup,Received,1147
Primary,Counting,1148
Backup,Received,1148
Primary,Counting,1149
Backup,Received,1149
Primary,Counting,1150
Backup,Received,1150
Primary,Counting,1151
Backup,Received,1151
Primary,Counting,1152
Backup,Received,1152
Primary,Counting,1153
Backup,Received,1153
Primary,Counting,1154
Backup,Received,1154
Primary,Counting,1155
Backup,Received,1155
Primary,Counting,1156
Backup,Received,1156
Primary,Counting,1157
Backup,Received,1157
Primary,Counting,1158
Backup,Received,1158
Primary,Counting,1159
Backup,Received,1159
Primary,Counting,1160
Backup,Received,1160
Primary,Counting,1161
Backup,Received,1161
Primary,Counting,1162
Backup,Received,1162
Primary,Counting,1163
Backup,Received,1163
Primary,Counting,1164
Backup,Received,1164
Primary,Counting,1165
Backup,Received,1165
Primary,Counting,1166
Backup,Received,1166
Primary,Counting,1167
Backup,Received,1167
Primary,Counting,1168
Backup,Received,1168
Primary,Counting,1169
Backup,Received,1169
Primary,Counting,1170
Backup,Received,1170
Primary,Counting,1171
Backup,Received,1171
Primary,Counting,1172
Backup,Received,1172
Primary,Counting,1173
Backup,Received,1173
Primary,Counting,1174
Backup,Received,1174
Primary,Counting,1175
Backup,Received,1175
Primary,Counting,1176
Backup,Received,1176
Primary,Counting,1177
Backup,Received,1177
Primary,Counting,1178
Backup,Received,1178
Primary,Counting,1179
Backup,Received,1179
Primary,Counting,1180
Backup,Received,1180
Primary,Counting,1181
Backup,Received,1181
Primary,Counting,1182
Backup,Received,1182
Primary,Counting,1183
Backup,Received,1183
Primary,Counting,1184
Backup,Received,1184
Primary,Counting,1185
Backup,Received,1185
Primary,Counting,1186
Backup,Received,1186
Primary,Counting,1187
Backup,Received,1187
Primary,Counting,1188
Backup,Received,1188
Primary,Counting,1189
Backup,Received,1189
Primary,Counting,1190
Backup,Received,1190
Primary,Counting,1191
Backup,Received,1191
Primary,Counting,1192
Backup,Received,1192
Primary,Counting,1193
Backup,Received,1193
Primary,Counting,1194
Backup,Received,1194
Primary,Counting,1195
Backup,Received,1195
Primary,Counting,1196
Backup,Received,1196
Primary,Counting,1197
Backup,Received,1197
Primary,Counting,1198
Backup,Received,1198
Primary,Counting,1199
Backup,Received,1199
Primary,Counting,1200
Backup,Received,1200
Primary,Counting,1201
Backup,Received,1201
Primary,Counting,1202
Backup,Received,1202
Primary,Counting,1203
Backup,Received,1203
Primary,Counting,1204
Backup,Received,1204
Primary,Counting,1205
Backup,Received,1205
Primary,Counting,1206
Backup,Received,1206
Primary,Counting,1207
Backup,Received,1207
Primary,Counting,1208
Backup,Received,1208
Primary,Counting,1209
Backup,Received,1209
Primary,Counting,1210
Backup,Received,1210
Primary,Counting,1211
Backup,Received,1211
Primary,Counting,1212
Backup,Received,1212
Primary,Counting,1213
Backup,Received,1213
Primary,Counting,1214
Backup,Received,1214
Primary,Counting,1215
Backup,Received,1215
Primary,Counting,1216
Backup,Received,1216
Primary,Counting,1217
Backup,Received,1217
Primary,Counting,1218
Backup,Received,1218
Primary,Counting,1219
Backup,Received,1219
Primary,Counting,1220
Backup,Received,1220
Primary,Counting,1221
Backup,Received,1221
Primary,Counting,1222
Backup,Received,1222
Primary,Counting,1223
Backup,Received,1223
Primary,Counting,1224
Backup,Received,1224
Primary,Counting,1225
Backup,Received,1225
Primary,Counting,1226
Backup,Received,1226
Primary,Counting,1227
Backup,Received,1227
Primary,Counting,1228
Backup,Received,1228
Primary,Counting,1229
Backup,Received,1229
Primary,Counting,1230
Backup,Received,1230
Primary,Counting,1231
Backup,Received,1231
Primary,Counting,1232
Backup,Received,1232
Primary,Counting,1233
Backup,Received,1233
Primary,Counting,1234
Backup,Received,1234
Primary,Counting,1235
Backup,Received,1235
Primary,Counting,1236
Backup,Received,1236
Primary,Counting,1237
Backup,Received,1237
Primary,Counting,1238
Backup,Received,1238
Primary,Counting,1239
Backup,Received,1239
Primary,Counting,1240
Backup,Received,1240
Primary,Counting,1241
Backup,Received,1241
Primary,Counting,1242
Backup,Received,1242
Primary,Counting,1243
Backup,Received,1243
Primary,Counting,1244
Backup,Received,1244
Primary,Counting,1245
Backup,Received,1245
Primary,Counting,1246
Backup,Received,1246
Primary,Counting,1247
Backup,Received,1247
Primary,Counting,1248
Backup,Received,1248
Primary,Counting,1249
Backup,Received,1249
Primary,Counting,1250
Backup,Received,1250
Primary,Counting,1251
Backup,Received,1251
Primary,Counting,1252
Backup,Received,1252
Primary,Counting,1253
Backup,Received,1253
Primary,Counting,1254
Backup,Received,1254
Primary,Counting,1255
Backup,Received,1255
Primary,Counting,1256
Backup,Received,1256
Primary,Counting,1257
Backup,Received,1257
Primary,Counting,1258
Backup,Received,1258
Primary,Counting,1259
Backup,Received,1259
Primary,Counting,1260
Backup,Received,1260
Primary,Counting,1261
Backup,Received,1261
Primary,Counting,1262
Backup,Received,1262
Primary,Counting,1263
Backup,Received,1263
Primary,Counting,1264
Backup,Received,1264
Primary,Counting,1265
Backup,Received,1265
Primary,Counting,1266
Backup,Received,1266
Primary,Counting,1267
Backup,Received,1267
Primary,Counting,1268
Backup,Received,1268
Primary,Counting,1269
Backup,Received,1269
Primary,Counting,1270
Backup,Received,1270
Primary,Counting,1271
Backup,Received,1271
Primary,CountingBackup,1272,
Received,1272
Primary,Counting,1273
Backup,Received,1273
Primary,Counting,1274
Backup,Received,1274
Primary,Counting,1275
Backup,Received,1275
Primary,Counting,1276
Backup,Received,1276
Primary,Counting,1277
Backup,Received,1277
Primary,Counting,1278
Backup,Received,1278
Primary,Counting,1279
Backup,Received,1279
Primary,Counting,1280
Backup,Received,1280
Primary,Counting,1281
Backup,Received,1281
Primary,Counting,1282
Backup,Received,1282
Primary,Counting,1283
Backup,Received,1283
Primary,Counting,1284
Backup,Received,1284
Primary,Counting,1285
Backup,Received,1285
Primary,Counting,1286
Backup,Received,1286
Primary,Counting,1287
Backup,Received,1287
Primary,Counting,1288
Backup,Received,1288
Primary,Counting,1289
Backup,Received,1289
Primary,Counting,1290
Backup,Received,1290
Primary,Counting,1291
Backup,Received,1291
Primary,Counting,1292
Backup,Received,1292
Primary,Counting,1293
Backup,Received,1293
Primary,Counting,1294
Backup,Received,1294
Primary,Counting,1295
Backup,Received,1295
Primary,Counting,1296
Backup,Received,1296
Primary,Counting,1297
Backup,Received,1297
Primary,Counting,1298
Backup,Received,1298
Primary,Counting,1299
Backup,Received,1299
Primary,Counting,1300
Backup,Received,1300
Primary,Counting,1301
Backup,Received,1301
Primary,Counting,1302
Backup,Received,1302
Primary,Counting,1303
Backup,Received,1303
Primary,Counting,1304
Backup,Received,1304
Primary,Counting,1305
Backup,Received,1305
Primary,Counting,1306
Backup,Received,1306
Primary,Counting,1307
Backup,Received,1307
Primary,Counting,1308
Backup,Received,1308
Primary,Counting,1309
Backup,Received,1309
Primary,Counting,1310
Backup,Received,1310
Primary,Counting,1311
Backup,Received,1311
Primary,Counting,1312
Backup,Received,1312
Primary,Counting,1313
Backup,Received,1313
Primary,Counting,1314
Backup,Received,1314
Primary,Counting,1315
Backup,Received,1315
Primary,Counting,1316
Backup,Received,1316
Primary,Counting,1317
Backup,Received,1317
Primary,Counting,1318
Backup,Received,1318
Primary,Counting,1319
Backup,Received,1319
Primary,Counting,1320
Backup,Received,1320
Primary,Counting,1321
Backup,Received,1321
Primary,Counting,1322
Backup,Received,1322
Primary,Counting,1323
Backup,Received,1323
Primary,Counting,1324
Backup,Received,1324
Primary,Counting,1325
Backup,Received,1325
Primary,Counting,1326
Backup,Received,1326
Primary,Counting,1327
Backup,Received,1327
Primary,Counting,1328
Backup,Received,1328
Primary,Counting,1329
Backup,Received,1329
Primary,Counting,1330
Backup,Received,1330
Primary,Counting,1331
Backup,Received,1331
Primary,Counting,1332
Backup,Received,1332
Primary,Counting,1333
Backup,Received,1333
Primary,Counting,1334
Backup,Received,1334
Primary,Counting,1335
Backup,Received,1335
Primary,Counting,1336
Backup,Received,1336
Primary,Counting,1337
Backup,Received,1337
Primary,Counting,1338
Backup,Received,1338
Primary,Counting,1339
Backup,Received,1339
Primary,Counting,1340
Backup,Received,1340
Primary,Counting,1341
Backup,Received,1341
Primary,Counting,1342
Backup,Received,1342
Primary,Counting,1343
Backup,Received,1343
Primary,Counting,1344
Backup,Received,1344
Primary,Counting,1345
Backup,Received,1345
Primary,Counting,1346
Backup,Received,1346
Primary,Counting,1347
Backup,Received,1347
Primary,Counting,1348
Backup,Received,1348
Primary,Counting,1349
Backup,Received,1349
Primary,Counting,1350
Backup,Received,1350
Primary,Counting,1351
Backup,Received,1351
Primary,Counting,1352
Backup,Received,1352
Primary,Counting,1353
Backup,Received,1353
Primary,Counting,1354
Backup,Received,1354
Primary,Counting,1355
Backup,Received,1355
Primary,Counting,1356
Backup,Received,1356
Primary,Counting,1357
Backup,Received,1357
Primary,Counting,1358
Backup,Received,1358
Primary,Counting,1359
Backup,Received,1359
Primary,Counting,1360
Backup,Received,1360
Primary,Counting,1361
Backup,Received,1361
Primary,Counting,1362
Backup,Received,1362
Primary,Counting,1363
Backup,Received,1363
Primary,Counting,1364
Backup,Received,1364
Primary,Counting,1365
Backup,Received,1365
Primary,Counting,1366
Backup,Received,1366
Primary,Counting,1367
Backup,Received,1367
Primary,Counting,1368
Backup,Received,1368
Primary,Counting,1369
Backup,Received,1369
Primary,Counting,1370
Backup,Received,1370
Primary,Counting,1371
Backup,Received,1371
Primary,Counting,1372
Backup,Received,1372
Primary,Counting,1373
Backup,Received,1373
Primary,Counting,1374
Backup,Received,1374
Primary,Counting,1375
Backup,Received,1375
Primary,Counting,1376
Backup,Received,1376
Primary,Counting,1377
Backup,Received,1377
Primary,Counting,1378
Backup,Received,1378
Primary,Counting,1379
Backup,Received,1379
Primary,Counting,1380
Backup,Received,1380
Primary,Counting,1381
Backup,Received,1381
Primary,Counting,1382
Backup,Received,1382
Primary,Counting,1383
Backup,Received,1383
Primary,Counting,1384
Backup,Received,1384
Primary,Counting,1385
Backup,Received,1385
Primary,Counting,1386
Backup,Received,1386
Primary,Counting,1387
Backup,Received,1387
Primary,Counting,1388
Backup,Received,1388
Primary,Counting,1389
Backup,Received,1389
Primary,Counting,1390
Backup,Received,1390
Primary,Counting,1391
Backup,Received,1391
Primary,Counting,1392
Backup,Received,1392
Primary,Counting,1393
Backup,Received,1393
Primary,Counting,1394
Backup,Received,1394
Primary,Counting,1395
Backup,Received,1395
Primary,Counting,1396
Backup,Received,1396
Primary,Counting,1397
Backup,Received,1397
Primary,Counting,1398
Backup,Received,1398
Primary,Counting,1399
Backup,Received,1399
Primary,Counting,1400
Backup,Received,1400
Primary,Counting,1401
Backup,Received,1401
Primary,Counting,1402
Backup,Received,1402
Primary,Counting,1403
Backup,Received,1403
Primary,Counting,1404
Backup,Received,1404
Primary,Counting,1405
Backup,Received,1405
Primary,Counting,1406
Backup,Received,1406
Primary,Counting,1407
Backup,Received,1407
Primary,Counting,1408
Backup,Received,1408
Primary,Counting,1409
Backup,Received,1409
Primary,Counting,1410
Backup,Received,1410
Primary,Counting,1411
Backup,Received,1411
Primary,Counting,1412
Backup,Received,1412
Primary,Counting,1413
Backup,Received,1413
Primary,Counting,1414
Backup,Received,1414
Primary,Counting,1415
Backup,Received,1415
Primary,Counting,1416
Backup,Received,1416
Primary,Counting,1417
Backup,Received,1417
Primary,Counting,1418
Backup,Received,1418
Primary,Counting,1419
Backup,Received,1419
Primary,Counting,1420
Backup,Received,1420
Primary,Counting,1421
Backup,Received,1421
Primary,Counting,1422
Backup,Received,1422
Primary,Counting,1423
Backup,Received,1423
Primary,Counting,1424
Backup,Received,1424
Primary,Counting,1425
Backup,Received,1425
Primary,Counting,1426
Backup,Received,1426
Primary,Counting,1427
Backup,Received,1427
Primary,Counting,1428
Backup,Received,1428
Primary,Counting,1429
Backup,Received,1429
Primary,Counting,1430
Backup,Received,1430
Primary,Counting,1431
Backup,Received,1431
Primary,Counting,1432
Backup,Received,1432
Primary,Counting,1433
Backup,Received,1433
Primary,Counting,1434
Backup,Received,1434
Primary,Counting,1435
Backup,Received,1435
Primary,Counting,1436
Backup,Received,1436
Primary,Counting,1437
Backup,Received,1437
Primary,Counting,1438
Backup,Received,1438
Primary,Counting,1439
Backup,Received,1439
Primary,Counting,1440
Backup,Received,1440
Primary,Counting,1441
Backup,Received,1441
Primary,Counting,1442
Backup,Received,1442
Primary,Counting,Backup1443
,Received,1443
Primary,Counting,1444
Backup,Received,1444
Primary,Counting,1445
Backup,Received,1445
Primary,Counting,1446
Backup,Received,1446
Primary,Counting,1447
Backup,Received,1447
Primary,Counting,1448
Backup,Received,1448
Primary,Counting,1449
Backup,Received,1449
Primary,Counting,1450
Backup,Received,1450
Primary,Counting,1451
Backup,Received,1451
Primary,Counting,1452
Backup,Received,1452
Primary,Counting,1453
Backup,Received,1453
Primary,Counting,1454
Backup,Received,1454
Primary,Counting,1455
Backup,Received,1455
Primary,Counting,1456
Backup,Received,1456
Primary,Counting,1457
Backup,Received,1457
Primary,Counting,1458
Backup,Received,1458
Primary,Counting,1459
Backup,Received,1459
Primary,Counting,1460
Backup,Received,1460
Primary,Counting,1461
Backup,Received,1461
Primary,Counting,1462
Backup,Received,1462
Primary,Counting,1463
Backup,Received,1463
Primary,Counting,1464
Backup,Received,1464
Primary,Counting,1465
Backup,Received,1465
Primary,Counting,1466
Backup,Received,1466
Primary,Counting,1467
Backup,Received,1467
Primary,Counting,1468
Backup,Received,1468
Primary,Counting,1469
Backup,Received,1469
Primary,Counting,1470
Backup,Received,1470
Primary,Counting,1471
Backup,Received,1471
Primary,Counting,1472
Backup,Received,1472
Primary,Counting,1473
Backup,Received,1473
Primary,Counting,1474
Backup,Received,1474
Primary,Counting,1475
Backup,Received,1475
Primary,Counting,1476
Backup,Received,1476
Primary,Counting,1477
Backup,Received,1477
Primary,Counting,1478
Backup,Received,1478
Primary,Counting,1479
Backup,Received,1479
Primary,Counting,1480
Backup,Received,1480
Primary,Counting,1481
Backup,Received,1481
Primary,Counting,1482
Backup,Received,1482
Primary,Counting,1483
Backup,Received,1483
Primary,Counting,1484
Backup,Received,1484
Primary,Counting,1485
Backup,Received,1485
Primary,Counting,1486
Backup,Received,1486
Primary,Counting,1487
Backup,Received,1487
Primary,Counting,1488
Backup,Received,1488
Primary,Counting,1489
Backup,Received,1489
Primary,Counting,1490
Backup,Received,1490
Primary,Counting,1491
Backup,Received,1491
Primary,Counting,1492
Backup,Received,1492
Primary,Counting,1493
Backup,Received,1493
Primary,Counting,1494
Backup,Received,1494
Primary,Counting,1495
Backup,Received,1495
Primary,Counting,1496
Backup,Received,1496
Primary,Counting,1497
Backup,Received,1497
Primary,Counting,1498
Backup,Received,1498
Primary,Counting,1499
Backup,Received,1499
Primary,Counting,1500
Backup,Received,1500
Primary,Counting,1501
Backup,Received,1501
Primary,Counting,1502
Backup,Received,1502
Primary,Counting,1503
Backup,Received,1503
Primary,Counting,1504
Backup,Received,1504
Primary,Counting,1505
Backup,Received,1505
Primary,Counting,1506
Backup,Received,1506
Primary,Counting,1507
Backup,Received,1507
Primary,Counting,1508
Backup,Received,1508
Primary,Counting,1509
Backup,Received,1509
Primary,Counting,1510
Backup,Received,1510
Primary,Counting,1511
Backup,Received,1511
Primary,Counting,1512
Backup,Received,1512
Primary,Counting,1513
Backup,Received,1513
Primary,Counting,1514
Backup,Received,1514
Primary,Counting,1515
Backup,Received,1515
Primary,Counting,1516
Backup,Received,1516
Primary,Counting,1517
Backup,Received,1517
Primary,Counting,1518
Backup,Received,1518
Primary,Counting,1519
Backup,Received,1519
Primary,Counting,1520
Backup,Received,1520
Primary,Counting,1521
Backup,Received,1521
Primary,Counting,1522
Backup,Received,1522
Primary,Counting,1523
Backup,Received,1523
Primary,Counting,1524
Backup,Received,1524
Primary,Counting,1525
Backup,Received,1525
Primary,Counting,1526
Backup,Received,1526
Primary,Counting,1527
Backup,Received,1527
Primary,Counting,1528
Backup,Received,1528
Primary,Counting,1529
Backup,Received,1529
Primary,Counting,1530
Backup,Received,1530
Primary,Counting,1531
Backup,Received,1531
Primary,Counting,1532
Backup,Received,1532
Primary,Counting,1533
Backup,Received,1533
Primary,Counting,1534
Backup,Received,1534
Primary,Counting,1535
Backup,Received,1535
Primary,Counting,1536
Backup,Received,1536
Primary,Counting,1537
Backup,Received,1537
Primary,Counting,1538
Backup,Received,1538
Primary,Counting,1539
Backup,Received,1539
Primary,Counting,1540
Backup,Received,1540
Primary,Counting,1541
Backup,Received,1541
Primary,Counting,1542
Backup,Received,1542
Primary,BackupCounting,,1543Received
,1543
Primary,Counting,1544
Backup,Received,1544
Primary,Counting,1545
Backup,Received,1545
Primary,Counting,1546
Backup,Received,1546
Primary,Counting,1547
Backup,Received,1547
Primary,Counting,1548
Backup,Received,1548
Primary,Counting,1549
Backup,Received,1549
Primary,Counting,1550
Backup,Received,1550
Primary,Counting,1551
Backup,Received,1551
Primary,Counting,1552
Backup,Received,1552
Primary,Counting,1553
Backup,Received,1553
Primary,Counting,1554
Backup,Received,1554
Primary,Counting,1555
Backup,Received,1555
Primary,Counting,1556
Backup,Received,1556
Primary,Counting,1557
Backup,Received,1557
Primary,Counting,1558
Backup,Received,1558
Primary,Counting,1559
Backup,Received,1559
Primary,Counting,1560
Backup,Received,1560
Primary,Counting,1561
Backup,Received,1561
Primary,Counting,1562
Backup,Received,1562
Primary,Counting,1563
Backup,Received,1563
Primary,Counting,1564
Backup,Received,1564
Primary,Counting,1565
Backup,Received,1565
Primary,Counting,1566
Backup,Received,1566
Primary,Counting,1567
Backup,Received,1567
Primary,Counting,1568
Backup,Received,1568
Primary,Counting,1569
Backup,Received,1569
Primary,Counting,1570
Backup,Received,1570
Primary,Counting,1571
Backup,Received,1571
Primary,Counting,1572
Backup,Received,1572
Primary,Counting,1573
Backup,Received,1573
Primary,Counting,1574
Backup,Received,1574
Primary,Counting,1575
Backup,Received,1575
Primary,Counting,1576
Backup,Received,1576
Primary,Counting,1577
Backup,Received,1577
Primary,Counting,1578
Backup,Received,1578
Primary,Counting,1579
Backup,Received,1579
Primary,Counting,1580
Backup,Received,1580
Primary,Counting,1581
Backup,Received,1581
Primary,Counting,1582
Backup,Received,1582
Primary,Counting,1583
Backup,Received,1583
Primary,Counting,1584
Backup,Received,1584
Primary,Counting,1585
Backup,Received,1585
Primary,Counting,1586
Backup,Received,1586
Primary,Counting,1587
Backup,Received,1587
Primary,Counting,1588
Backup,Received,1588
Primary,Counting,1589
Backup,Received,1589
Primary,Counting,1590Backup
,Received,1590
Primary,Counting,1591
Backup,Received,1591
Primary,Counting,1592
Backup,Received,1592
Primary,Counting,1593
Backup,Received,1593
Primary,Counting,1594
Backup,Received,1594
Primary,Counting,1595
Backup,Received,1595
Primary,Counting,1596
Backup,Received,1596
Primary,Counting,1597
Backup,Received,1597
Primary,Counting,1598
Backup,Received,1598
Primary,Counting,1599
Backup,Received,1599
Primary,Counting,1600
Backup,Received,1600
Primary,Counting,1601
Backup,Received,1601
Primary,Counting,1602
Backup,Received,1602
Primary,Counting,1603
Backup,Received,1603
Primary,Counting,1604
Backup,Received,1604
Primary,Counting,1605
Backup,Received,1605
Primary,Counting,1606
Backup,Received,1606
Primary,Counting,1607
Backup,Received,1607
Primary,Counting,1608
Backup,Received,1608
Primary,Counting,1609
Backup,Received,1609
Primary,Counting,1610
Backup,Received,1610
Primary,Counting,1611
Backup,Received,1611
Primary,Counting,1612
Backup,Received,1612
Primary,Counting,1613
Backup,Received,1613
Primary,Counting,1614
Backup,Received,1614
Primary,Counting,1615
Backup,Received,1615
Primary,Counting,1616
Backup,Received,1616
Primary,Counting,1617
Backup,Received,1617
Primary,Counting,1618
Backup,Received,1618
Primary,Counting,1619
Backup,Received,1619
Primary,Counting,1620
Backup,Received,1620
Primary,Counting,1621
Backup,Received,1621
Primary,Counting,1622
Backup,Received,1622
Primary,Counting,1623
Backup,Received,1623
Primary,Counting,1624
Backup,Received,1624
Primary,Counting,1625
Backup,Received,1625
Primary,Counting,1626
Backup,Received,1626
Primary,Counting,1627
Backup,Received,1627
Primary,Counting,1628
Backup,Received,1628
Primary,Counting,1629
Backup,Received,1629
Primary,Counting,1630
Backup,Received,1630
Primary,Counting,1631
Backup,Received,1631
Primary,Counting,1632
Backup,Received,1632
Primary,Counting,1633
Backup,Received,1633
Primary,Counting,1634
Backup,Received,1634
Primary,Counting,Backup1635
,Received,1635
Primary,Counting,1636
Backup,Received,1636
Primary,Counting,1637
Backup,Received,1637
Primary,Counting,1638
Backup,Received,1638
Primary,Counting,1639
Backup,Received,1639
Primary,Counting,1640
Backup,Received,1640
Primary,Counting,1641
Backup,Received,1641
Primary,Counting,1642
Backup,Received,1642
Primary,Counting,1643
Backup,Received,1643
Primary,Counting,1644
Backup,Received,1644
Primary,Counting,1645
Backup,Received,1645
Primary,Counting,1646
Backup,Received,1646
Primary,Counting,1647
Backup,Received,1647
Primary,Counting,1648
Backup,Received,1648
Primary,Counting,1649
Backup,Received,1649
Primary,Counting,1650
Backup,Received,1650
Primary,Counting,1651
Backup,Received,1651
Primary,Counting,1652
Backup,Received,1652
Primary,Counting,1653
Backup,Received,1653
Primary,Counting,1654
Backup,Received,1654
Primary,Counting,1655
Backup,Received,1655
Primary,Counting,1656
Backup,Received,1656
Primary,Counting,1657
Backup,Received,1657
Primary,Counting,1658
Backup,Received,1658
Primary,Counting,1659
Backup,Received,1659
Primary,Counting,1660
Backup,Received,1660
Primary,Counting,1661
Backup,Received,1661
Primary,Counting,1662
Backup,Received,1662
Primary,Counting,1663
Backup,Received,1663
Primary,Counting,1664
Backup,Received,1664
Primary,Counting,1665
Backup,Received,1665
Primary,Counting,1666
Backup,Received,1666
Primary,Counting,1667
Backup,Received,1667
Primary,Counting,1668
Backup,Received,1668
Primary,Counting,1669
Backup,Received,1669
Backup,Taking Over as Primary,1669
Primary,Backup Started,0
Primary,Counting,1670
Backup,Received,1670
Primary,Counting,1671
Backup,Received,1671
Primary,Counting,1672
Backup,Received,1672
Primary,Counting,1673
Backup,Received,1673
Primary,Counting,1674
Backup,Received,1674
Primary,Counting,1675
Backup,Received,1675
Primary,Counting,1676
Backup,Received,1676
Primary,Counting,1677
Backup,Received,1677
Primary,Counting,1678
Backup,Received,1678
Primary,Counting,1679
Backup,Received,1679
Primary,Counting,1680
Backup,Received,1680
Primary,Counting,1681
Backup,Received,1681
Primary,Counting,1682
Backup,Received,1682
Primary,Counting,1683
Backup,Received,1683
Primary,Counting,1684
Backup,Received,1684
Primary,Counting,1685
Backup,Received,1685
Primary,Counting,1686
Backup,Received,1686
Primary,Counting,1687
Backup,Received,1687
Primary,Counting,1688
Backup,Received,1688
Primary,Counting,1689
Backup,Received,1689
Primary,Counting,1690
Backup,Received,1690
Primary,Counting,1691
Backup,Received,1691
Primary,Counting,1692
Backup,Received,1692
Primary,Counting,1693
Backup,Received,1693
Primary,Backup Started,0
PrimaryBackup,,CountingReceived,,11

Primary,Counting,2
Backup,Received,2
Primary,Counting,3
Backup,Received,3
PrimaryBackup,Counting,,Received4,
4
Primary,Counting,5
Backup,Received,5
Primary,Counting,6
Backup,Received,6
Primary,Backup Started,0
PrimaryBackup,,CountingReceived,,11

PrimaryBackup,,CountingReceived,,22

Primary,Counting,3
Backup,Received,3
Primary,Counting,4
Backup,Received,4
Primary,Counting,5
Backup,Received,5
Primary,Backup Started,0
PrimaryBackup,Counting,,Received1,
1
Primary,Counting,2
Backup,Received,2
Primary,Counting,3
Backup,Received,3
Primary,Counting,4
Backup,Received,4
Primary,Counting,5
Backup,Received,5
Primary,Counting,6
Backup,Received,6
Primary,Counting,7
Backup,Received,7
Primary,Backup Started,0
Primary,Counting,1
Backup,Received,1
Primary,Counting,2
Backup,Received,2
Primary,Counting,3
Backup,Received,3
Primary,Backup Started,0
PrimaryBackup,Counting,,Received1,
1
Primary,Counting,2
Backup,Received,2
Primary,Counting,3
Backup,Received,3
Primary,Counting,4
Backup,Received,4
Primary,Counting,5
Backup,Received,5
Primary,Counting,6
Backup,Received,6
Primary,Backup Started,0
Primary,Counting,Backup1
,Received,1
Primary,Counting,2Backup
,Received,2
Primary,BackupCounting,,Received3,
3
Primary,Backup Started,0
Primary,Counting,1
Backup,Received,1
Primary,Counting,2
Backup,Received,2
Primary,Counting,3
Backup,Received,3
Primary,Counting,4
Backup,Received,4
Primary,Counting,5
Backup,Received,5
Primary,Counting,6
Backup,Received,6
Primary,Counting,7
Backup,Received,7
Primary,Counting,8
Backup,Received,8
Primary,Counting,9
Backup,Received,9
BackupPrimary,Received,,Counting10,
10
Primary,Backup Started,0
Backup,Received,0
Backup,Taking Over as Primary,0
Primary,Backup Started,0
Primary,Counting,1
Backup,Received,1
Primary,Counting,2
Backup,Received,2
Primary,Counting,3
Backup,Received,3
Primary,Counting,4
Backup,Received,4
Primary,Counting,5
Backup,Received,5
Primary,Counting,6
Primary,Backup Started,0
Primary,Backup Started,0
Backup,Taking Over as Primary,0
Primary,Backup Started,0
Primary,Counting,1
Backup,Received,1
Primary,Counting,2
Backup,Received,2
Primary,Backup Started,0
Primary,Counting,3
Backup,Received,3
Primary,Counting,4
Backup,Received,4
Primary,Counting,5
Backup,Received,5
Primary,Counting,6
Backup,Received,6
Primary,Backup Started,0
Primary,Counting,7
Backup,Received,7
Primary,Counting,8
Backup,Received,8
Primary,Counting,9
Backup,Taking Over as Primary,6
Primary,Backup Started,0
Primary,Counting,7
Primary,Backup Started,0
Primary,Backup Started,0
Backup,Taking Over as Primary,0
Primary,Backup Started,0
Primary,Counting,1
Backup,Received,1
Primary,Counting,2
Backup,Received,2
Primary,Counting,3
Backup,Received,3
Primary,Backup Started,0
Primary,Counting,4
Backup,Received,4
Primary,Counting,5
Backup,Received,5
Primary,Counting,6
Primary,Backup Started,0
Primary,Backup Started,0
Primary,Backup Started,0
Primary,Backup Started,0
Primary,Backup Started,0
Primary,Backup Started,0
Primary,Backup Started,0
Primary,Backup Started,0
Primary,Backup Started,0
Primary,Backup Started,0
Primary,Backup Started,0
Primary,Backup Started,0
Primary,Backup Started,0
Primary,Backup Started,0
Primary,Backup Started,0
Primary,Backup Started,0
Primary,Backup Started,0
Primary,Backup Started,0
Primary,Backup Started,0
Primary,Backup Started,0
Primary,Backup Started,0
Primary,Backup Started,0
Primary,Backup Started,0
Primary,Backup Started,0
Primary,Backup Started,0
Primary,Backup Started,0
Primary,Backup Started,0
Primary,Backup Started,0
Primary,Backup Started,0
Primary,Backup Started,0
Primary,Backup Started,0
Primary,Backup Started,0
Primary,Backup Started,0
Primary,Backup Started,0
Primary,Backup Started,0
Primary,Backup Started,0
Primary,Backup Started,0
Primary,Backup Started,0
Primary,Backup Started,0
Primary,Backup Started,0
Primary,Backup Started,0
Primary,Backup Started,0
Primary,Backup Started,0
Primary,Backup Started,0
Primary,Backup Started,0
Primary,Backup Started,0
Primary,Backup Started,0
Primary,Backup Started,0
Primary,Backup Started,0
Primary,Backup Started,0
Primary,Backup Started,0
Primary,Backup Started,0
Primary,Backup Started,0
Primary,Backup Started,0
Primary,Backup Started,0
Primary,Backup Started,0
Primary,Backup Started,0
Primary,Backup Started,0
Primary,Backup Started,0
Primary,Backup Started,0
Primary,Backup Started,0
Primary,Backup Started,0
Primary,Backup Started,0
Primary,Backup Started,0
Primary,Backup Started,0
Primary,Backup Started,0
Primary,Backup Started,0
Primary,Backup Started,0
Primary,Backup Started,0
